Customer_id,Name,Phone,address
1,Sathvik Din,4241913699,Tiruvottiyur
2,Urishilla Soman,5045557898,Haldia
3,Isha Prabhakar,3952506104,Naihati
4,Vyanjana Rao,8430973790,Bhiwani
5,Bhavya Nadig,1376021718,Khora 
6,Lopa Murty,4983981109,Gopalpur
7,Jalsa Cheema,5848108655,Jodhpur
8,Ati Ravi,3297234230,Bathinda
9,Chandresh Jhaveri,3476998087,Ramagundam
10,Omya Magar,5560640676,Bhopal
11,Raagini Banik,6157067084,Raichur
12,Reyansh Parikh,9879055227,Kulti
13,Yashodhara Patla,4478172673,Kulti
14,Widisha Zacharia,1686536662,Guwahati
15,Viraj Deep,7297375407,Ambarnath
16,Pahal Gour,7182499946,Khammam
17,Madhav Raju,4531296353,Nagercoil
18,Kai Lad,6302986824,Amaravati
19,Oviya Chopra,7769976789,Uluberia
20,Farhan Pandey,7740032553,Jabalpur
21,Pushti Ravel,0597714166,Aurangabad
22,Aayush Purohit,5231424593,Hindupur
23,Chaitanya Bhavsar,8468415704,Ambala
24,Geetika Borah,0167540687,Rajkot
25,Shivani Jani,9668698596,Ozhukarai
26,Bhavya Nigam,2386271874,Panchkula
27,Mohammed Munshi,3939707813,Etawah
28,Panini Tella,6035590792,Bhusawal
29,Unnati Korpal,7654527807,Surat
30,Lavanya Pant,9504467749,Mangalore
31,Jackson Sehgal,3073056673,Jammu
32,Dominic Om,2367989416,Satna
33,Nimrat Goswami,6592777010,Bijapur
34,Vaishnavi Bhalla,4080061613,Tezpur
35,Anita Tiwari,6137975582,Anantapur
36,Guneet Raja,6792708864,Karimnagar
37,Ishita Pandya,3524877983,Surat
38,Niharika Gaba,3908541602,Guntakal
39,Lipika Shetty,9907216557,Tinsukia
40,Yashodhara Singh,7642048908,Rewa
41,Kevin Rout,6864906532,Jalandhar
42,Odika Nath,6897851904,Jammu
43,Nidhi Kota,8931299716,Patna
44,Dalbir Jhaveri,1819496972,Dibrugarh
45,Pooja Dasgupta,1787564389,Mathura
46,Nitesh Dube,0024527997,Allahabad
47,Alexander Bhakta,0855562092,Rourkela
48,Gautam Nayak,1099850345,Giridih
49,Edhitha Parmar,1933627229,Madanapalle
50,Abdul Pillay,3445789461,Kamarhati
51,Yashasvi Sabharwal,0524674203,Indore
52,Reyansh Chaudhary,4468801643,Allahabad
53,Champak Shere,3716476048,Bhavnagar
54,Kiaan Nagarajan,7049445362,Darbhanga
55,Vyanjana Chanda,1229775547,Dindigul
56,Avni Raval,7434965848,Rewa
57,Ishaan Mangat,7505878121,Gulbarga
58,Liam Kapur,8003310083,Mira-Bhayandar
59,Aashi Gala,6474782702,Chinsurah
60,Harita Ramesh,5924262853,Hindupur
61,Wridesh Bhargava,7090848342,Tinsukia
62,Faraj Chad,8291202343,Kharagpur
63,Abhiram Suri,1529887445,Berhampur
64,Raagini Borra,4142998081,Hajipur
65,Hritik Taneja,8547359257,Bhopal
66,Max Shankar,7225182314,Jaipur
67,Fariq Pai,1917842939,Tadipatri
68,Thomas Balay,0053074740,Munger
69,Yauvani Gupta,2099260230,Shivpuri
70,Anamika Kumer,7291509354,Phusro
71,Caleb Rege,9232591768,Kollam
72,Aarnav Padmanabhan,1252179557,Pallavaram
73,Lakshit Brahmbhatt,0696205049,Dibrugarh
74,Ethan Chokshi,9319114566,Uluberia
75,Janaki Bandi,0323860462,Guwahati
76,Rayaan Narang,2531832452,Kolkata
77,Ishanvi Bera,6236700334,Kottayam
78,Siya Halder,3978449061,Ozhukarai
79,Vidhi Boase,9910625684,Gwalior
80,Darsh Vyas,0141694461,Madanapalle
81,Ekaraj Taneja,1258349638,Jalgaon
82,Vedant Mahal,4983899113,Ujjain
83,Faqid Garg,0802055420,Kottayam
84,Nakul Lal,2365638610,Guwahati
85,Chavvi Behl,8016818977,Jehanabad
86,Vrishti Palla,8530627199,Sambhal
87,Samarth Merchant,8102609879,Khora 
88,Wriddhish Natarajan,0784058670,Hubli–Dharwad
89,Priya Hari,6670512401,Surat
90,Saumya Dubey,3474533898,Bhusawal
91,Jeremiah Rajagopalan,9174965510,Thoothukudi
92,Isaac Anne,5743504421,Ahmednagar
93,Ikbal Gandhi,9633702750,Ambarnath
94,Riya Acharya,9449429428,Giridih
95,Yuvraj Mangal,5164628612,Vellore
96,Anirudh Cheema,4816291944,Patna
97,Triveni Apte,8686231748,Bijapur
98,Ladli Sastry,0710868848,Giridih
99,Rehaan Nath,0474823662,Guntakal
100,Balendra Dewan,7901610370,Buxar
101,Zinal Shah,5269976223,Pali
102,Warjas Raj,9647529110,Jamnagar
103,Zarna Venkataraman,1083451060,Etawah
104,Ladli Chanda,9636693411,Kota
105,Shravya Bhattacharyya,3096080365,Shivpuri
106,Pranav Prabhakar,9756011459,Bihar Sharif
107,Thomas Dhar,0397371616,Buxar
108,Sara Goyal,1745084761,Mango
109,Zashil Manne,0664503235,Solapur
110,Amruta Mutti,1758000035,Rampur
111,Jagvi Kalla,7757049047,Sambalpur
112,Anvi Iyengar,1443226085,Raipur
113,Mugdha Panchal,7318990186,Sirsa
114,Bhavani Char,2626954076,Khammam
115,Tripti Doctor,5314875389,Guntakal
116,Saumya Tripathi,1060316027,Dibrugarh
117,Reva Chauhan,4917628710,Karaikudi
118,Ojasvi Mitra,1171017804,Mehsana
119,Ayaan Jha,7430384839,Tumkur
120,Aradhana Chakrabarti,0343305558,Kamarhati
121,Jagat Pandya,8238548472,Cuttack
122,Ijaya Mitter,3420490093,Malda
123,Zansi Kapur,8959103244,Alappuzha
124,Bishakha Zachariah,1750579625,Kadapa
125,Harita Mangat,1118321177,Durgapur
126,Yasti Mital,7733901172,Aizawl
127,Chandani Rege,0275923843,Bhilai
128,Oscar Prashad,2045248747,Gandhidham
129,Anya Gaba,9527206509,Guntakal
130,Hardik Nath,7624564219,Jaunpur
131,Parth Sankaran,5121600121,Davanagere
132,Hitesh Varty,6742878679,Alappuzha
133,Qadim Varma,8666415647,Sultan Pur Majra
134,Gauri Prabhu,1831661843,Belgaum
135,Shivani Sood,2768216063,Madanapalle
136,Yauvani Ahuja,9848172163,Mehsana
137,Raksha Jhaveri,0039149587,Malda
138,Shravya Sharaf,7009147944,Malegaon
139,Widisha Dass,6262249380,Ranchi
140,Abhiram Dhar,8428682828,Miryalaguda
141,Yashawini Bakshi,4616956634,Kavali
142,Vivaan Chadha,1665103289,Karnal
143,Nicholas Cherian,2785804650,Shimla
144,Ekta Dass,5302999136,Dehradun
145,Aryan Patla,1922362412,Ulhasnagar
146,Forum Kalla,8236722657,Patiala
147,Xavier Ravel,0078605518,Jodhpur
148,Dayita Narain,4057891932,Tadepalligudem
149,Lila Chatterjee,6667199338,Mysore
150,Atharv Sankaran,4573702985,New Delhi
151,Varenya Sahni,4501271851,Bijapur
152,Dalaja Khanna,1065010767,Miryalaguda
153,Rehaan Bal,6461296414,Shimla
154,Brijesh Nori,4028683961,Davanagere
155,Advaith Karpe,6707710851,Tenali
156,Bhavani Goyal,1959187605,Mirzapur
157,Sai Om,5008678598,Pondicherry
158,Chaman De,8824854083,Salem
159,Zinal Apte,4380727717,Serampore
160,Ayaan Sarin,2511301726,Thrissur
161,Abhiram Gola,3092509620,Shahjahanpur
162,Vedant Tiwari,4271253749,Sikar
163,Qadim Sharaf,9943363060,Darbhanga
164,Abeer Talwar,6509227393,New Delhi
165,Siddharth Vyas,7922752702,Sangli-Miraj & Kupwad
166,Jagvi Sengupta,4602358408,Purnia
167,George Pathak,2763841820,Gorakhpur
168,Ekantika Shroff,0147634456,Bidar
169,Yashvi Om,1892828731,Rajpur Sonarpur
170,Kashish Parmar,4757312433,Rourkela
171,Shaurya Gala,7254266497,Deoghar
172,Girindra Shanker,8802508053,Nangloi Jat
173,Triya Solanki,0789242368,Solapur
174,Urvi Mane,4210931925,Naihati
175,Tarak Kalla,3221145412,Kolkata
176,Atharv Panchal,5057800929,Raipur
177,Eshana Khalsa,4201476804,Pudukkottai
178,Vedant Gaba,9761663828,Satna
179,Leela Bobal,1943993235,Gandhidham
180,Nakul Issac,3649108626,Morbi
181,Tanay Singh,1189912056,Jamnagar
182,Vidhi Chand,7187924311,Chapra
183,Ishanvi Bains,0003502145,Gandhinagar
184,Tanvi Shah,7362299713,Cuttack
185,Arin Acharya,6508192904,Bhilwara
186,Lajita Kale,9539158614,Farrukhabad
187,Barkha Raman,6493926178,Unnao
188,Nitesh Ray,2242087811,Nagaon
189,Ishita Lall,9367640895,Bhusawal
190,Matthew Bhatti,0805208255,Panchkula
191,Mason Chaudhari,0224942382,Guntakal
192,Kiaan Mahal,9532808282,Bidhannagar
193,Chandani Kashyap,2838265987,Barasat
194,Ayaan Kurian,4198811513,Gulbarga
195,Mahika Kari,6927267974,Bellary
196,Rishi Naik,3712796408,Madanapalle
197,Yadavi Kade,4649065780,Latur
198,Aarna Pai,1328283488,Kota
199,Parth Sastry,1775076293,Bhiwandi
200,Mohini Hayer,0788223401,Etawah
201,Oeshi Saraf,0411501839,Solapur
202,Aachal Bora,1439756170,Bhiwandi
203,Vivaan Roy,8828994023,Panchkula
204,Champak Mohan,5482339844,Ludhiana
205,Maya Sandhu,3871337894,Tirunelveli
206,Tanvi Saran,4528844571,Amravati
207,Daniel Sehgal,9779078479,Thiruvananthapuram
208,Dipta Mohanty,5473049669,Ambala
209,Jalsa Maharaj,6844887687,Guntakal
210,Vaishnavi Sankar,2854544921,Maheshtala
211,Niharika Dua,5967062634,Ichalkaranji
212,Frederick Behl,5568522807,Amroha
213,Prisha Kadakia,0236681858,Ghaziabad
214,Raagini Natarajan,7639805127,Srinagar
215,Henry Balay,1839918806,Deoghar
216,Onveer Kota,9651011176,Bareilly
217,Nakul Pandit,4989128449,Tadipatri
218,Jack Deol,1133072458,Siliguri
219,Om Prabhu,9003395823,Thanjavur
220,Niharika Srinivas,6792523208,Gandhidham
221,Gabriel Khosla,0041733693,Ulhasnagar
222,Dominic Konda,0224469904,Gurgaon
223,Kala Palla,7732425453,North Dumdum
224,Dev Sarna,9409384834,Sagar
225,Vyanjana Bala,5829206454,Uluberia
226,Reva Salvi,3108825438,Chapra
227,Yamini Sekhon,6877156567,Machilipatnam
228,Umang Balay,2396541153,Udaipur
229,Advika Kothari,0573193711,Thiruvananthapuram
230,Edhitha Saxena,9858249621,Bhind
231,Aarini Barad,3002181874,Bhind
232,Jagat Chhabra,9570402258,Baranagar
233,Kabir Balan,8396182126,Raipur
234,Jack Ghose,0660478079,Raurkela Industrial Township
235,Manan Venkatesh,0475044568,Tiruppur
236,Indrajit Chandran,1937098555,Guntur
237,Laksh Sani,8493946593,Solapur
238,Champak Kakar,2734358550,Farrukhabad
239,Ijaya Savant,7291916854,Warangal
240,Laban Khatri,6307634431,Nagaon
241,Shivani Mitter,7096369729,Deoghar
242,Xavier Khare,5404114916,Sasaram
243,Siddharth Om,7664087267,Amritsar
244,Harsh Pradhan,4851623756,Ratlam
245,Kashish Vora,1331777551,Uluberia
246,Reyansh Nayar,8191919687,Amritsar
247,Adweta Lad,0614082480,Silchar
248,Hamsini Ravi,7244536983,Pondicherry
249,Champak Balan,6647998449,Chandrapur
250,Omkaar Balay,8329148120,Anantapur
251,Dhriti Warrior,4444019278,Durg
252,Unni Kala,2855370460,Kanpur
253,Ekanta Jain,7419620089,Rajkot
254,Ekani Cheema,0114791464,Phusro
255,Hiral Date,2995745694,Ajmer
256,Ekaraj Trivedi,4516488006,Medininagar
257,Thomas Reddy,2385754498,Nashik
258,Abdul Mann,9028340377,Arrah
259,Gopal Merchant,2479926636,Uluberia
260,Nandini Handa,9454614433,Bihar Sharif
261,Ishita Rao,2743085335,Hospet
262,Ubika Bahri,6175813978,Latur
263,Chaitanya Thakkar,7556622120,Bhimavaram
264,Oviya Bajaj,5704945296,Kozhikode
265,Sneha Wason,3826601778,Mehsana
266,Lekha Murthy,4702805044,Begusarai
267,Darpan Murthy,5220570722,Nadiad
268,Rayaan Nagar,9905675393,Vadodara
269,Urmi Issac,8099038522,Mysore
270,Sudiksha Raj,0751855065,Tirunelveli
271,Yagnesh Goda,5371526907,Gurgaon
272,Vasatika Edwin,7425924458,Aurangabad
273,Kashish Prakash,9218328571,Rewa
274,Damyanti Walla,2592769220,Bhiwandi
275,Siddharth Guha,1533058622,Cuttack
276,Ira Chakraborty,8588867984,Gopalpur
277,Balveer Ramakrishnan,3222138162,Gaya
278,Pavani Shetty,4245394698,Vijayanagaram
279,Finn Goswami,5880185769,Hubli–Dharwad
280,Victor Patla,1167183565,Parbhani
281,Brijesh Edwin,1424541819,Vijayanagaram
282,Ekavir Madan,5527805397,Faridabad
283,Geetika Shankar,8439752580,Lucknow
284,Qushi Goswami,4998404232,Bidhannagar
285,Finn Ganesh,9799080786,Kamarhati
286,Watika Gade,3894549041,Sangli-Miraj & Kupwad
287,Janya Gala,5070211697,Jamalpur
288,Reyansh Vaidya,7951656755,Bidar
289,Arunima Comar,8575289621,Rajpur Sonarpur
290,Advaith Sathe,2110291586,Bhusawal
291,Ikbal Bains,4697647639,Nandyal
292,Gagan Kant,1829574338,Nadiad
293,Tristan Sama,9610686084,Nagpur
294,Onkar Pathak,3264197107,Howrah
295,Ekantika Vohra,0386255643,Nashik
296,Viraj Khalsa,8325795651,Kishanganj
297,Theodore Thakkar,2658165057,Ulhasnagar
298,Jairaj Sankaran,7065810489,Saharsa
299,Kevin Khosla,4456737516,Jorhat
300,Sai Kannan,5348693890,Bahraich
301,Ranbir Sarin,8228533329,Raipur
302,Warda Mandal,1246492725,Sirsa
303,Amruta Kapadia,1460583424,Chandigarh
304,Darika Sehgal,0616626663,Chinsurah
305,Radha Khanna,4690887150,Junagadh
306,Keya Doctor,8751435668,Katni
307,Liam Nair,2459500968,Madhyamgram
308,Patrick Gandhi,8044921732,Tiruvottiyur
309,Samarth Ganguly,3789574941,Ghaziabad
310,Upkaar Jayaraman,0456441965,Madurai
311,Damyanti Krishna,4009883051,Miryalaguda
312,Indali Ramesh,3839663075,Chennai
313,Gaurav Rai,9292887770,Gandhinagar
314,Ridhi Goda,2081464667,Pune
315,Wriddhish Toor,7953973339,Ahmedabad
316,Ayaan Karan,2738663858,Saharsa
317,Daksha Salvi,6961892461,Khammam
318,Dakshesh Bajwa,0391266490,Kulti
319,Arin Munshi,3360673666,Junagadh
320,Eesha Vyas,8985708291,Kolhapur
321,Ira Korpal,9363647128,Rohtak
322,Devika Sunder,5440740397,Gaya
323,Priya Trivedi,5778560953,Shahjahanpur
324,Alka Vasa,8789339837,Siwan
325,Yamini Lall,3144092621,Bally
326,Ishwar Rastogi,8896507114,Pondicherry
327,Triya Sane,6170724237,Hapur
328,Indrajit Yadav,2877039904,Ambattur
329,Eta Kata,6317613959,Naihati
330,Netra Sandhu,4318958782,Haridwar
331,Dipta Mani,0804395964,Mathura
332,Chanakya Mitter,8296495200,Bilaspur
333,Urvashi Walla,5760762771,Latur
334,Chatura Menon,9275158229,Siwan
335,Saumya Anand,2037758131,Chittoor
336,Lipika Mital,1459807949,Varanasi
337,Chameli Bera,9311885524,Saharsa
338,Azad Hegde,5670149646,Vijayawada
339,Garima Vora,8415664065,Loni
340,Urishilla Nayar,5692226744,Thanjavur
341,Eiravati Atwal,4494188286,Berhampore
342,Nachiket Wason,3312932561,Kottayam
343,Mohammed Tak,3513990079,Darbhanga
344,Manya Sha,4377498654,Guwahati
345,Wyatt Venkataraman,3653343203,Allahabad
346,Sai Keer,8946068874,Gandhidham
347,Bhavna Bandi,8380660143,Farrukhabad
348,Suhani Singh,6854150139,Satna
349,Indrajit Pandey,4125522946,Siliguri
350,Zinal Cheema,9426853129,Dharmavaram
351,Ekta Loyal,7392414045,Srikakulam
352,Ekanta Bhattacharyya,8092688559,Secunderabad
353,Anya Sandal,5219194380,Darbhanga
354,Vinaya Aggarwal,2000956911,Bhind
355,Hemangini Sane,4205595445,Rajpur Sonarpur
356,Gaurang Pradhan,3267170926,Durgapur
357,Vrishti Pingle,5346594533,Burhanpur
358,Vanya Raj,0595101382,Guntur
359,Sai Divan,6033544150,Sonipat
360,Omya Wable,2943839833,Patna
361,Chakrika Doshi,2221776133,Bijapur
362,Yug Chahal,7011986789,Bhusawal
363,Hiral Batta,2005097554,Kollam
364,Turvi Ramakrishnan,6799908236,Aurangabad
365,Hamsini Kaul,7361317608,Avadi
366,Nidhi Tandon,9485949821,Jodhpur
367,Gaurangi Saha,6922357702,Bellary
368,Peter Arya,7813439700,Bhiwani
369,Omya Bhargava,9574213037,Proddatur
370,Gautam Chaudhary,9746713107,Ozhukarai
371,Faras Mukherjee,4253026567,Raipur
372,Jagvi Vala,6716884593,Gorakhpur
373,Mitesh Bhatti,3719753906,Dindigul
374,Gayathri Mittal,0792825143,Mysore
375,Onkar Mistry,0125873985,Proddatur
376,Qushi Parmer,7409056607,Sasaram
377,Tanvi Anand,6482140674,Muzaffarpur
378,Tanmayi Krishna,1723543572,Mau
379,Bhavna Shah,5417470075,Tinsukia
380,Tanveer Buch,6341615157,Sultan Pur Majra
381,Lipika Chad,1104464806,Kishanganj
382,Warhi Dani,6113340867,Sikar
383,Ekantika Uppal,5239578771,Gandhinagar
384,Agastya Chandran,3017538260,Motihari
385,Chanchal Tak,9722064707,Raurkela Industrial Township
386,Anay Karnik,0260843808,Kamarhati
387,Rajata Iyer,3748944456,South Dumdum
388,Oliver Khosla,5985896741,Gangtok
389,Samar Dutta,8725654464,Karnal
390,Onkar Subramaniam,4611843436,Raipur
391,Yochana Peri,4827795191,Singrauli
392,Samaksh Thakkar,4505252738,Gulbarga
393,Radha Goyal,1378469064,Ramagundam
394,Nandini Patel,9814134202,Mau
395,Ojas Chad,3887590692,Jammu
396,Jatin Mutti,5170474888,Nashik
397,Waida Sangha,2114577553,Imphal
398,Liam Sant,7383895643,Haldia
399,Ranbir Nagarajan,7417280122,Nagaon
400,Abhiram Garg,7440319875,Shimoga
401,Rehaan Shroff,0391713921,Saharanpur
402,Ekaraj Kalita,5099963142,Panvel
403,Zaitra Sem,4577411573,Singrauli
404,Aarush Sane,7460768822,Durgapur
405,Indrajit Grover,4939836130,Davanagere
406,Falak Guha,4602552742,Faridabad
407,Tripti Pillay,7226946721,Berhampore
408,Meghana Sami,7556569331,Alwar
409,Nakul Bhattacharyya,5154712285,Firozabad
410,Sara Anne,4933284256,Machilipatnam
411,Nilima Manda,0158150996,Bidar
412,Zayan Buch,6843864196,Gurgaon
413,Hemangini Sangha,6379635928,Deoghar
414,Amrita Mitra,9896869145,Morena
415,Radhika Agate,1817456165,Kochi
416,Manthan Raman,3639977589,Bikaner
417,Vedika Anand,0560359978,Shimoga
418,Barkha Butala,5563682861,Bahraich
419,Yug Saha,4647788678,Kolhapur
420,Vedhika Pai,9392164202,Serampore
421,Anthony Loyal,4666776710,Bareilly
422,Anmol Contractor,4913270441,Jaipur
423,Tanvi Rau,6469176446,Bellary
424,Darpan Nigam,7510939765,Aligarh
425,Rehaan Johal,7553124163,Parbhani
426,Panini Lad,8175290159,Raichur
427,Chameli Khare,9247021999,Khandwa
428,Ucchal Basak,3673387823,Kirari Suleman Nagar
429,Ekani Hayre,6552894779,Singrauli
430,Jalsa Dixit,1283910999,Bareilly
431,Chandresh Menon,9174388240,Kishanganj
432,Yoshita Sani,4148620478,Silchar
433,Andrew Raghavan,0986507175,Mehsana
434,Advay Bera,1407469953,Tinsukia
435,Charles Venkatesh,8390271393,Maheshtala
436,Dayita Sunder,9653257845,North Dumdum
437,Chanakya Mishra,7181624898,Unnao
438,Sai Ram,9749306058,Giridih
439,Samuel Anne,0739993355,Asansol
440,Yadavi Mital,3158041917,Agartala
441,Chatura Sen,4899028554,Hapur
442,Garima Sengupta,4745614373,Sri Ganganagar
443,Chaitaly Ranganathan,0898090484,Nagpur
444,Nirja Dada,2432229642,Serampore
445,Amaira Loke,6349436470,Farrukhabad
446,Isha Hegde,3109177248,Ichalkaranji
447,Sneha Kohli,1950945006,Satna
448,Samaksh Guha,6401596912,Coimbatore
449,Shaurya Atwal,0956199114,Chandrapur
450,Chatura Basu,4832575202,Jamnagar
451,Brijesh Sachar,2067091492,North Dumdum
452,Parth Gole,8044425733,Adoni
453,Reyansh Shere,3277026084,Anantapur
454,Dalaja Muni,2904501726,Tiruppur
455,Jacob Dey,7862444283,Bhavnagar
456,Sathvik Raju,5744202351,Avadi
457,Vinaya Dua,0512594054,Gudivada
458,Anjali Majumdar,6949275180,Mau
459,Yashawini Barad,2936624891,Davanagere
460,Shivani Balasubramanian,0530220818,Mira-Bhayandar
461,Anya Shetty,2354471051,Pudukkottai
462,Zayyan Solanki,4210528851,Solapur
463,Ronith Maharaj,3638274982,Patiala
464,Omaja Upadhyay,0775670706,Nagpur
465,Bachittar Shankar,0252712020,Cuttack
466,Niharika Rajan,6705444652,Shimoga
467,Robert Ahluwalia,1566793433,Jaunpur
468,Damini Brahmbhatt,9715000638,Shivpuri
469,Karan Mody,2600722593,Jamalpur
470,Rachita Talwar,8057195551,Mysore
471,Noah Magar,3010587705,Udupi
472,Nikita Chada,7548922330,Sultan Pur Majra
473,Joshua Kapoor,3528173370,Junagadh
474,Nihal Morar,2681211134,Arrah
475,Banjeet Suresh,3468838548,Sultan Pur Majra
476,Quincy Swaminathan,8637932119,Bhalswa Jahangir Pur
477,Wriddhish Rai,9928487238,Bijapur
478,Kalpit Goyal,5994274943,Jamshedpur
479,Anamika Khatri,9712354753,Kishanganj
480,Rohan Solanki,0829264313,Alwar
481,Gaurang Bhakta,5010197562,Mirzapur
482,Dakshesh Mital,4668540638,Kurnool
483,Jagat Ravel,3078203066,Adoni
484,Mugdha Brahmbhatt,6656866069,Durg
485,Eta Bajwa,0033718884,Gangtok
486,Sneha Sanghvi,6012080356,Chandigarh
487,Ishani Balay,6705432555,Surat
488,Maya Bumb,0385466673,Maheshtala
489,Gopal Amble,8572674895,Chandrapur
490,Aarnav Dara,9215088014,Jammu
491,Shivansh Krishnan,4697833247,Proddatur
492,Abha Aggarwal,3881165859,Kamarhati
493,Shivansh Bhattacharyya,8978133245,Parbhani
494,Kabir Maharaj,6983065456,Kottayam
495,Maanas Wadhwa,5927064000,Hajipur
496,Gaurang Bhavsar,9473389654,Secunderabad
497,Kala Apte,1004565752,Bangalore
498,Nicholas Bahri,8289012390,Ghaziabad
499,Upkaar Oak,9668489921,Mangalore
500,Radha Sane,9395754940,Davanagere
